number	id	name	kind	superstarId	artwork_requirement	status	path
SS1-001	superstar-cody-rhodes	Cody Rhodes	superstar	cody-rhodes	unique-superstar-photo	sourced	assets/art/summerslam-series-1/superstars/cody-rhodes.webp
SS1-002	entrance-cody-rhodes	Finish the Story	entrance	cody-rhodes	unique-entrance-photo	pending	
SS1-003	disaster-kick	Disaster Kick	move	cody-rhodes	unique-move-photo	pending	
SS1-004	cody-powerslam	Snap Powerslam	move	cody-rhodes	unique-move-photo	pending	
SS1-005	bionic-elbow	Bionic Elbow	move	cody-rhodes	unique-move-photo	pending	
SS1-006	cody-cutter	Cody Cutter	move	cody-rhodes	unique-move-photo	pending	
SS1-007	cross-rhodes	Cross Rhodes	move	cody-rhodes	unique-move-photo	pending	
SS1-008	superstar-cm-punk	CM Punk	superstar	cm-punk	unique-superstar-photo	sourced	assets/art/summerslam-series-1/superstars/cm-punk.webp
SS1-009	entrance-cm-punk	Best in the World	entrance	cm-punk	unique-entrance-photo	pending	
SS1-010	punk-roundhouse	Roundhouse Kick	move	cm-punk	unique-move-photo	pending	
SS1-011	running-knee	Running Knee	move	cm-punk	unique-move-photo	pending	
SS1-012	punk-neckbreaker	Swinging Neckbreaker	move	cm-punk	unique-move-photo	pending	
SS1-013	diving-elbow	Diving Elbow Drop	move	cm-punk	unique-move-photo	pending	
SS1-014	anaconda-vise	Anaconda Vise	move	cm-punk	unique-move-photo	pending	
SS1-015	gts	G.T.S.	move	cm-punk	unique-move-photo	pending	
SS1-016	superstar-roman-reigns	Roman Reigns	superstar	roman-reigns	unique-superstar-photo	sourced	assets/art/summerslam-series-1/superstars/roman-reigns.webp
SS1-017	entrance-roman-reigns	Acknowledge Me	entrance	roman-reigns	unique-entrance-photo	pending	
SS1-018	drive-by	Drive-By	move	roman-reigns	unique-move-photo	pending	
SS1-019	uranage	Uranage	move	roman-reigns	unique-move-photo	pending	
SS1-020	samoan-drop	Samoan Drop	move	roman-reigns	unique-move-photo	pending	
SS1-021	superman-punch	Superman Punch	move	roman-reigns	unique-move-photo	pending	
SS1-022	guillotine	Guillotine	move	roman-reigns	unique-move-photo	pending	
SS1-023	spear	Spear	move	roman-reigns	unique-move-photo	pending	
SS1-024	superstar-seth-rollins	Seth Rollins	superstar	seth-rollins	unique-superstar-photo	sourced	assets/art/summerslam-series-1/superstars/seth-rollins.webp
SS1-025	entrance-seth-rollins	The Visionary	entrance	seth-rollins	unique-entrance-photo	pending	
SS1-026	sling-blade	Sling Blade	move	seth-rollins	unique-move-photo	pending	
SS1-027	enzuigiri	Enzuigiri	move	seth-rollins	unique-move-photo	pending	
SS1-028	falcon-arrow	Falcon Arrow	move	seth-rollins	unique-move-photo	pending	
SS1-029	pedigree	Pedigree	move	seth-rollins	unique-move-photo	pending	
SS1-030	phoenix-splash	Phoenix Splash	move	seth-rollins	unique-move-photo	pending	
SS1-031	stomp	Stomp	move	seth-rollins	unique-move-photo	pending	
SS1-032	superstar-oba-femi	Oba Femi	superstar	oba-femi	unique-superstar-photo	sourced	assets/art/summerslam-series-1/superstars/oba-femi.webp
SS1-033	entrance-oba-femi	The Ruler Has Arrived	entrance	oba-femi	unique-entrance-photo	pending	
SS1-034	oba-lariat	Ruler's Lariat	move	oba-femi	unique-move-photo	pending	
SS1-035	oba-spinebuster	Spinebuster	move	oba-femi	unique-move-photo	pending	
SS1-036	oba-powerbomb	Powerbomb	move	oba-femi	unique-move-photo	pending	
SS1-037	fall-from-grace	Fall from Grace	move	oba-femi	unique-move-photo	pending	
SS1-038	superstar-brock-lesnar	Brock Lesnar	superstar	brock-lesnar	unique-superstar-photo	sourced	assets/art/summerslam-series-1/superstars/brock-lesnar.webp
SS1-039	entrance-brock-lesnar	Here Comes the Pain	entrance	brock-lesnar	unique-entrance-photo	pending	
SS1-040	german-suplex	German Suplex	move	brock-lesnar	unique-move-photo	pending	
SS1-041	belly-to-belly	Belly-to-Belly Suplex	move	brock-lesnar	unique-move-photo	pending	
SS1-042	kimura-lock	Kimura Lock	move	brock-lesnar	unique-move-photo	pending	
SS1-043	f5	F-5	move	brock-lesnar	unique-move-photo	pending	
SS1-044	superstar-kevin-owens	Kevin Owens	superstar	kevin-owens	unique-superstar-photo	sourced	assets/art/summerslam-series-1/superstars/kevin-owens.webp
SS1-045	entrance-kevin-owens	Fight Owens Fight	entrance	kevin-owens	unique-entrance-photo	pending	
SS1-046	owens-superkick	Superkick	move	kevin-owens	unique-move-photo	pending	
SS1-047	owens-senton	Senton	move	kevin-owens	unique-move-photo	pending	
SS1-048	cannonball	Cannonball	move	kevin-owens	unique-move-photo	pending	
SS1-049	pop-up-powerbomb	Pop-up Powerbomb	move	kevin-owens	unique-move-photo	pending	
SS1-050	ko-stunner	Stunner	move	kevin-owens	unique-move-photo	pending	
SS1-051	superstar-gunther	Gunther	superstar	gunther	unique-superstar-photo	sourced	assets/art/summerslam-series-1/superstars/gunther.webp
SS1-052	entrance-gunther	The Ring General	entrance	gunther	unique-entrance-photo	pending	
SS1-053	gunther-chop	Knife-Edge Chop	move	gunther	unique-move-photo	pending	
SS1-054	gunther-lariat	Lariat	move	gunther	unique-move-photo	pending	
SS1-055	gunther-powerbomb	Powerbomb	move	gunther	unique-move-photo	pending	
SS1-056	sleeper-hold	Sleeper Hold	move	gunther	unique-move-photo	pending	
SS1-057	momentum-agility	Agility Momentum	momentum		graphic-momentum-art	pending	
SS1-058	momentum-knowledge	Knowledge Momentum	momentum		graphic-momentum-art	pending	
SS1-059	momentum-strength	Strength Momentum	momentum		graphic-momentum-art	pending	
SS1-060	momentum-strike	Strike Momentum	momentum		graphic-momentum-art	pending	
SS1-061	momentum-technical	Technical Momentum	momentum		graphic-momentum-art	pending	
SS1-062	shoulder-up	Shoulder Up	special		generic-wwe-concept-photo	pending	
SS1-063	desperation-counter	Desperation Counter	special		generic-wwe-concept-photo	pending	
SS1-064	fire-up	Fire Up	action		generic-wwe-concept-photo	pending	
SS1-065	catch-breath	Catch Your Breath	action		generic-wwe-concept-photo	pending	
SS1-066	game-plan	Game Plan	action		generic-wwe-concept-photo	pending	
SS1-067	create-opening	Create an Opening	action		generic-wwe-concept-photo	pending	
SS1-068	cut-off-ring	Cut Off the Ring	action		generic-wwe-concept-photo	pending	
SS1-069	ring-generalship	Ring Generalship	support		generic-wwe-concept-photo	pending	
SS1-070	fighting-spirit	Fighting Spirit	support		generic-wwe-concept-photo	pending	
SS1-071	crowd-connection	Crowd Connection	support		generic-wwe-concept-photo	pending	
SS1-072	scouting-report	Scouting Report	support		generic-wwe-concept-photo	pending	
SS1-073	jab	Quick Jab	move		generic-wwe-concept-photo	pending	
SS1-074	arm-drag	Arm Drag	move		generic-wwe-concept-photo	pending	
SS1-075	throw-over-ropes	Throw Over the Ropes	move		generic-wwe-concept-photo	pending	
SS1-076	ringside-clothesline	Ringside Clothesline	move		generic-wwe-concept-photo	pending	
SS1-077	ringside-slam	Ringside Slam	move		generic-wwe-concept-photo	pending	
SS1-078	ringside-ddt	Ringside DDT	move		generic-wwe-concept-photo	pending	
SS1-079	dodge	Dodge	move		generic-wwe-concept-photo	pending	
SS1-080	duck	Duck	move		generic-wwe-concept-photo	pending	
SS1-081	reversal	Technical Reversal	move		generic-wwe-concept-photo	pending	
SS1-082	scramble	Scramble Free	move		generic-wwe-concept-photo	pending	
SS1-083	collar-elbow	Collar-and-Elbow Tie-Up	move		generic-wwe-concept-photo	pending	
SS1-084	side-headlock	Side Headlock	move		generic-wwe-concept-photo	pending	
SS1-085	wrist-lock	Wrist Lock	move		generic-wwe-concept-photo	pending	
SS1-086	shoulder-tackle	Shoulder Tackle	move		generic-wwe-concept-photo	pending	
SS1-087	running-forearm	Running Forearm	move		generic-wwe-concept-photo	pending	
SS1-088	elbow-smash	Elbow Smash	move		generic-wwe-concept-photo	pending	
SS1-089	uppercut	Uppercut	move		generic-wwe-concept-photo	pending	
SS1-090	hip-toss	Hip Toss	move		generic-wwe-concept-photo	pending	
SS1-091	snapmare	Snapmare	move		generic-wwe-concept-photo	pending	
SS1-092	bodyslam	Bodyslam	move		generic-wwe-concept-photo	pending	
SS1-093	clothesline	Clothesline	move		generic-wwe-concept-photo	pending	
SS1-094	dropkick	Dropkick	move		generic-wwe-concept-photo	pending	
SS1-095	big-boot	Big Boot	move		generic-wwe-concept-photo	pending	
SS1-096	superkick	Superkick	move		generic-wwe-concept-photo	pending	
SS1-097	ddt	DDT	move		generic-wwe-concept-photo	pending	
SS1-098	neckbreaker	Neckbreaker	move		generic-wwe-concept-photo	pending	
SS1-099	backbreaker	Backbreaker	move		generic-wwe-concept-photo	pending	
SS1-100	leg-sweep	Leg Sweep	move		generic-wwe-concept-photo	pending	
SS1-101	elbow-drop	Elbow Drop	move		generic-wwe-concept-photo	pending	
SS1-102	knee-drop	Knee Drop	move		generic-wwe-concept-photo	pending	
SS1-103	leg-drop	Leg Drop	move		generic-wwe-concept-photo	pending	
SS1-104	vertical-suplex	Vertical Suplex	move		generic-wwe-concept-photo	pending	
SS1-105	snap-suplex	Snap Suplex	move		generic-wwe-concept-photo	pending	
SS1-106	german-suplex-common	German Suplex	move		generic-wwe-concept-photo	pending	
SS1-107	belly-to-belly-common	Belly-to-Belly Suplex	move		generic-wwe-concept-photo	pending	
SS1-108	russian-leg-sweep	Russian Leg Sweep	move		generic-wwe-concept-photo	pending	
SS1-109	bulldog	Bulldog	move		generic-wwe-concept-photo	pending	
SS1-110	spinebuster	Spinebuster	move		generic-wwe-concept-photo	pending	
SS1-111	powerslam	Powerslam	move		generic-wwe-concept-photo	pending	
SS1-112	samoan-drop-common	Samoan Drop	move		generic-wwe-concept-photo	pending	
SS1-113	enzuigiri-common	Enzuigiri	move		generic-wwe-concept-photo	pending	
SS1-114	running-knee-common	Running Knee Strike	move		generic-wwe-concept-photo	pending	
SS1-115	lariat	Lariat	move		generic-wwe-concept-photo	pending	
SS1-116	flying-clothesline	Flying Clothesline	move		generic-wwe-concept-photo	pending	
SS1-117	senton-common	Senton	move		generic-wwe-concept-photo	pending	
SS1-118	splash	Body Splash	move		generic-wwe-concept-photo	pending	
SS1-119	boston-crab	Boston Crab	move		generic-wwe-concept-photo	pending	
SS1-120	sleeper-common	Sleeper Hold	move		generic-wwe-concept-photo	pending	
SS1-121	armbar	Armbar	move		generic-wwe-concept-photo	pending	
SS1-122	powerbomb	Powerbomb	move		generic-wwe-concept-photo	pending	
SS1-123	piledriver	Piledriver	move		generic-wwe-concept-photo	pending	
SS1-124	fisherman-suplex	Fisherman Suplex	move		generic-wwe-concept-photo	pending	
SS1-125	moonsault	Moonsault	move		generic-wwe-concept-photo	pending	
SS1-126	frog-splash	Frog Splash	move		generic-wwe-concept-photo	pending	
SS1-127	diving-crossbody	Diving Crossbody	move		generic-wwe-concept-photo	pending	
SS1-128	suicide-dive	Suicide Dive	move		generic-wwe-concept-photo	pending	
SS1-129	sitout-powerbomb	Sit-Out Powerbomb	move		generic-wwe-concept-photo	pending	
SS1-130	superplex	Superplex	move		generic-wwe-concept-photo	pending	
SS1-131	brainbuster	Brainbuster	move		generic-wwe-concept-photo	pending	
SS1-132	cody-drop-down-punch	Drop-Down Punch	move	cody-rhodes	unique-move-photo	pending	
SS1-133	cody-suicide-dive	Cody Suicide Dive	move	cody-rhodes	unique-move-photo	pending	
SS1-134	cody-moonsault	Cody Moonsault	move	cody-rhodes	unique-move-photo	pending	
SS1-135	cody-pedigree	Pedigree	move	cody-rhodes	unique-move-photo	pending	
SS1-136	cody-spear	Spear	move	cody-rhodes	unique-move-photo	pending	
SS1-137	punk-leg-lariat	Leg Lariat	move	cm-punk	unique-move-photo	pending	
SS1-138	punk-snap-suplex	Snap Suplex	move	cm-punk	unique-move-photo	pending	
SS1-139	punk-bulldog	Running Bulldog	move	cm-punk	unique-move-photo	pending	
SS1-140	punk-high-kick	High Kick	move	cm-punk	unique-move-photo	pending	
SS1-141	punk-piledriver	Piledriver	move	cm-punk	unique-move-photo	pending	
SS1-142	roman-uppercut	Leaping Uppercut	move	roman-reigns	unique-move-photo	pending	
SS1-143	roman-clothesline	Running Clothesline	move	roman-reigns	unique-move-photo	pending	
SS1-144	roman-powerbomb	Sit-Out Powerbomb	move	roman-reigns	unique-move-photo	pending	
SS1-145	roman-drive-by-ringside	Drive-By Dropkick	move	roman-reigns	unique-move-photo	pending	
SS1-146	roman-crucifix-powerbomb	Crucifix Powerbomb	move	roman-reigns	unique-move-photo	pending	
SS1-147	seth-superkick	Superkick	move	seth-rollins	unique-move-photo	pending	
SS1-148	seth-suicide-dive	Suicide Dive	move	seth-rollins	unique-move-photo	pending	
SS1-149	seth-springboard-knee	Springboard Knee	move	seth-rollins	unique-move-photo	pending	
SS1-150	seth-ripcord-knee	Ripcord Knee	move	seth-rollins	unique-move-photo	pending	
SS1-151	seth-superplex-falcon	Superplex into Falcon Arrow	move	seth-rollins	unique-move-photo	pending	
SS1-152	oba-shoulder-block	Running Shoulder Block	move	oba-femi	unique-move-photo	pending	
SS1-153	oba-chokeslam	Chokeslam	move	oba-femi	unique-move-photo	pending	
SS1-154	oba-backbreaker	Backbreaker	move	oba-femi	unique-move-photo	pending	
SS1-155	oba-pop-up-powerbomb	Pop-Up Powerbomb	move	oba-femi	unique-move-photo	pending	
SS1-156	oba-running-uppercut	Running Uppercut	move	oba-femi	unique-move-photo	pending	
SS1-157	brock-knee-strike	Knee Strike	move	brock-lesnar	unique-move-photo	pending	
SS1-158	brock-overhead-belly	Overhead Belly-to-Belly	move	brock-lesnar	unique-move-photo	pending	
SS1-159	brock-triple-germans	Suplex City	move	brock-lesnar	unique-move-photo	pending	
SS1-160	brock-powerbomb	Powerbomb	move	brock-lesnar	unique-move-photo	pending	
SS1-161	brock-clothesline	Brock Clothesline	move	brock-lesnar	unique-move-photo	pending	
SS1-162	owens-forearm	Running Forearm	move	kevin-owens	unique-move-photo	pending	
SS1-163	owens-ddt	DDT	move	kevin-owens	unique-move-photo	pending	
SS1-164	owens-swanton	Swanton Bomb	move	kevin-owens	unique-move-photo	pending	
SS1-165	owens-package-piledriver	Package Piledriver	move	kevin-owens	unique-move-photo	pending	
SS1-166	owens-frog-splash	Frog Splash	move	kevin-owens	unique-move-photo	pending	
SS1-167	gunther-big-boot	Big Boot	move	gunther	unique-move-photo	pending	
SS1-168	gunther-german	German Suplex	move	gunther	unique-move-photo	pending	
SS1-169	gunther-butterfly-suplex	Butterfly Suplex	move	gunther	unique-move-photo	pending	
SS1-170	gunther-boston-crab	Boston Crab	move	gunther	unique-move-photo	pending	
SS1-171	gunther-splash	Top-Rope Splash	move	gunther	unique-move-photo	pending	
